{"stat.killEntity.cod":4,"stat.pickup.minecraft.bone":4,"stat.mineBlock.ferdinandsflowers.block_cff_doublesc":3,"stat.mineBlock.ferdinandsflowers.block_cff_flowersc":2,"stat.leaveGame":1,"stat.mineBlock.minecraft.cobblestone":75,"stat.pickup.minecraft.stone_pickaxe":1,"stat.pickup.minecraft.flint":11,"stat.pickup.minecraft.stone_axe":1,"stat.mineBlock.ferdinandsflowers.block_cff_flowersd":8,"stat.mineBlock.minecraft.yellow_flower":1,"stat.useItem.minecraft.apple":1,"stat.killEntity.trumpetskeleton.TrumpetSkeleton":2,"stat.pickup.primal.bone_knapp":2,"stat.mineBlock.horsepower.chopping_block":2,"stat.pickup.totemic.totem_torch":8,"stat.craftItem.minecraft.string":24,"stat.jump":423,"stat.swimOneCm":31210,"stat.pickup.immcraft.rock":3,"stat.fallOneCm":21735,"stat.pickup.primal.flint_point":3,"stat.drop.minecraft.stone":4,"stat.useItem.totemic.totem_torch":1,"stat.pickup.actuallyadditions.block_black_lotus":1,"stat.pickup.progressiontweaks.fire_pit_unlit":1,"stat.pickup.minecraft.carrot":1,"stat.useItem.minecraft.stone_axe":61,"stat.crouchOneCm":8388,"stat.pickup.actuallyadditions.item_food":5,"stat.useItem.progressiontweaks.spear":5,"stat.pickup.minecraft.dirt":548,"stat.useItem.minecraft.dirt":370,"stat.useItem.minecraft.stone_slab2":39,"stat.useItem.primal.flint_hatchet":43,"stat.mineBlock.progressiontweaks.fire_pit_unlit":1,"stat.pickup.betterwithaddons.wool":16,"stat.pickup.horsepower.hand_grindstone":2,"stat.pickup.minecraft.rotten_flesh":2,"stat.pickup.primal.armor_wolf_head":1,"stat.pickup.minecraft.stone_shovel":1,"stat.drop.primal_tech.rock":2,"stat.mineBlock.immcraft.rock":2,"stat.mineBlock.rustic.beehive":1,"stat.craftItem.antiqueatlas.empty_antique_atlas":2,"stat.pickup.primal.plant_fiber":257,"stat.craftItem.progressiontweaks.tomahawk":1,"stat.craftItem.minecraft.stone_axe":1,"stat.craftItem.immcraft.rock":9,"stat.damageTaken":748,"stat.pickup.minecraft.feather":16,"stat.pickup.primal_tech.fibre_torch_lit":3,"stat.mineBlock.minecraft.red_flower":3,"stat.craftItem.minecraft.stone_pickaxe":10,"stat.pickup.primal.flint_knapp":7,"stat.tradedWithVillager":20,"stat.pickup.minecraft.cobblestone":690,"stat.pickup.primal.rush_stems":2,"stat.pickup.minecraft.dye":20,"stat.pickup.minecraft.planks":25,"stat.mineBlock.minecraft.clay":3,"stat.useItem.minecraft.stone_shovel":325,"stat.mineBlock.totemic.totem_torch":8,"stat.craftItem.minecraft.stone_sword":2,"stat.flyOneCm":89837,"stat.pickup.minecraft.potato":6,"stat.pickup.minecraft.fish":4,"stat.useItem.minecraft.stone_pickaxe":759,"stat.useItem.minecraft.cooked_beef":2,"stat.mineBlock.primal_tech.work_stump":2,"stat.mineBlock.primal_tech.fibre_torch_lit":4,"stat.useItem.minecraft.stone_sword":86,"stat.mineBlock.primal_tech.charcoal_block":2,"stat.damageDealt":4223,"stat.mineBlock.ferdinandsflowers.block_cff_doubles":4,"stat.pickup.primal.sharp_bone":2,"stat.useItem.primal_tech.fire_sticks":12,"stat.pickup.progressiontweaks.spear":2,"stat.sleepInBed":2,"stat.timeSinceDeath":179100,"stat.mineBlock.minecraft.dirt":574,"stat.drop.minecraft.log":2,"stat.craftItem.horsepower.chopping_block":2,"stat.craftItem.primal_tech.rock":1,"stat.pickup.minecraft.mutton":25,"stat.pickup.actuallyadditions.item_rice_seed":8,"stat.craftItem.minecraft.stone_shovel":4,"stat.pickup.minecraft.double_plant":8,"stat.mineBlock.horsepower.hand_grindstone":1,"stat.walkOneCm":759800,"stat.mineBlock.ferdinandsflowers.block_cff_flowers":5,"stat.pickup.minecraft.stick":111,"stat.mineBlock.actuallyadditions.block_black_lotus":1,"stat.pickup.minecraft.clay_ball":12,"stat.useItem.minecraft.cobblestone":338,"stat.drop.minecraft.dirt":1,"stat.mineBlock.primal_tech.fibre_torch":1,"stat.mineBlock.minecraft.double_plant":7,"stat.drop.primal.flint_point":1,"stat.talkedToVillager":25,"stat.pickup.minecraft.log":70,"stat.useItem.minecraft.cooked_fish":4,"stat.pickup.immcraft.chest":2,"stat.pickup.primal.pelt_sheep":18,"stat.useItem.minecraft.cooked_mutton":3,"stat.craftItem.primal_tech.fire_sticks":21,"stat.craftItem.minecraft.stone_slab2":0,"stat.craftItem.primal_tech.work_stump":1,"stat.killEntity.rat":1,"stat.pickup.minecraft.chicken":8,"stat.pickup.primal_tech.charcoal_block":3,"stat.pickup.minecraft.sapling":16,"stat.killEntity.Squid":11,"stat.sprintOneCm":193711,"stat.mineBlock.minecraft.stone_slab":1,"stat.pickup.minecraft.cooked_beef":2,"stat.pickup.minecraft.apple":1,"stat.pickup.minecraft.bone_block":85,"stat.drop.immcraft.chest":1,"stat.pickup.minecraft.beetroot":1,"stat.pickup.primal_tech.rock":1,"stat.useItem.carryon.tile_item":3,"stat.pickup.primal.rush_tips":2,"stat.pickup.ferdinandsflowers.block_cff_doubles":7,"stat.killEntity.Chicken":8,"stat.useItem.primal_tech.fibre_torch_lit":3,"stat.killEntity.Spider":2,"stat.craftItem.minecraft.dirt":10,"stat.pickup.minecraft.stone_sword":1,"stat.drop.progressiontweaks.tomahawk":1,"stat.useItem.minecraft.carrot":1,"stat.mobKills":47,"stat.mineBlock.minecraft.log":49,"stat.mineBlock.primal_tech.clay_kiln":1,"stat.pickup.progressiontweaks.tomahawk":1,"stat.useItem.progressiontweaks.tomahawk":2,"stat.pickup.primal_tech.work_stump":2,"stat.mineBlock.minecraft.planks":9,"stat.drop":17,"stat.pickup.ferdinandsflowers.block_cff_doublesc":3,"stat.pickup.horsepower.chopping_block":2,"stat.mineBlock.minecraft.leaves":49,"stat.pickup.primal_tech.clay_kiln":2,"stat.pickup.minecraft.beetroot_seeds":1,"stat.pickup.minecraft.egg":1,"stat.playOneMinute":179100,"stat.pickup.natura.overworld_sapling2":1,"stat.killEntity.Sheep":17,"stat.pickup.minecraft.red_flower":14,"stat.sneakTime":2827,"stat.pickup.ferdinandsflowers.block_cff_flowers":4,"stat.mineBlock.actuallyadditions.block_wild":4,"stat.mineBlock.minecraft.bone_block":47,"stat.killEntity.Zombie":1,"stat.drop.primal_tech.fibre_torch":1,"stat.drop.primal.sharp_bone":1,"stat.drop.primal.bone_knapp":3,"stat.pickup.minecraft.stone_slab":4,"stat.pickup.ferdinandsflowers.block_cff_flowersd":11,"stat.pickup.minecraft.yellow_flower":1,"stat.pickup.ferdinandsflowers.block_cff_flowersc":2,"stat.mineBlock.minecraft.stone":613,"stat.mineBlock.minecraft.tallgrass":25,"stat.mineBlock.immcraft.sticks":7,"stat.diveOneCm":59182,"stat.pickup.primal.flint_hatchet":1,"stat.useItem.minecraft.beetroot":1,"stat.craftItem.primal.plant_cordage":1,"stat.pickup.primal_tech.fibre_torch":2}