{"stat.pickup.minecraft.pumpkin":7,"stat.pickup.rustic.wildberry_bush":2,"stat.pickup.minecraft.bone":3,"stat.killEntity.cod":8,"stat.drop.primal.flint_knapp":4,"stat.pickup.minecraft.wooden_slab":24,"stat.useItem.minecraft.stone":10,"stat.craftItem.primal.bark_oak":6,"stat.horseOneCm":148367,"stat.mineBlock.ferdinandsflowers.block_cff_flowersc":5,"stat.mineBlock.rustic.chamomile":1,"stat.pickup.primal_tech.fluid_bladder":1,"stat.pickup.minecraft.gravel":46,"stat.mineBlock.ferdinandsflowers.block_cff_flowersb":2,"stat.leaveGame":1,"stat.pickup.antiqueatlas.empty_antique_atlas":1,"stat.mineBlock.minecraft.cobblestone":9,"stat.mineBlock.minecraft.pumpkin":7,"stat.pickup.natura.overworld_logs2":17,"stat.pickup.minecraft.stone_pickaxe":1,"stat.pickup.minecraft.flint":6,"stat.pickup.minecraft.stone_axe":2,"stat.mineBlock.ferdinandsflowers.block_cff_flowersd":3,"stat.pickup.primal_tech.stone_grill":1,"stat.pickup.rustic.chamomile":2,"stat.useItem.minecraft.apple":2,"stat.craftItem.minecraft.flint":23,"stat.drop.primal_tech.work_stump":1,"stat.craftItem.pickletweaks.grass_mesh":1,"stat.pickup.primal.bone_knapp":1,"stat.useItem.primal_tech.fibre_torch":3,"stat.mineBlock.horsepower.chopping_block":7,"stat.pickup.minecraft.brick":2,"stat.pickup.totemic.totem_torch":16,"stat.craftItem.minecraft.string":6,"stat.swimOneCm":50323,"stat.jump":332,"stat.pickup.immcraft.rock":15,"stat.pickup.primal.flint_pickaxe":2,"stat.fallOneCm":14912,"stat.useItem.totemic.totem_torch":13,"stat.pickup.progressiontweaks.fire_pit_unlit":3,"stat.useItem.horsepower.chopping_block":1,"stat.pickup.minecraft.carrot":8,"stat.useItem.minecraft.stone_axe":127,"stat.drop.minecraft.stone_sword":1,"stat.mineBlock.ferdinandsflowers.block_cff_desert":1,"stat.pickup.minecraft.porkchop":14,"stat.crouchOneCm":493,"stat.pickup.totemic.tipi":1,"stat.pickup.minecraft.dirt":42,"stat.useItem.minecraft.dirt":5,"stat.useItem.immcraft.chest":4,"stat.useItem.minecraft.stone_slab2":45,"stat.useItem.primal.flint_hatchet":85,"stat.pickup.ferdinandsflowers.block_cff_desert":1,"stat.useItem.natura.overworld_sapling2":2,"stat.mineBlock.progressiontweaks.fire_pit_unlit":2,"stat.pickup.betterwithaddons.wool":2,"stat.pickup.horsepower.hand_grindstone":1,"stat.pickup.minecraft.sand":3,"stat.pickup.minecraft.stone_shovel":1,"stat.drop.primal_tech.rock":5,"stat.craftItem.primal.hide_tanned":9,"stat.useItem.minecraft.sapling":3,"stat.mineBlock.immcraft.rock":4,"stat.pickup.primal.plant_fiber":47,"stat.pickup.natura.materials":19,"stat.craftItem.minecraft.stone_axe":3,"stat.craftItem.immcraft.rock":18,"stat.damageTaken":538,"stat.pickup.primal_tech.fibre_torch_lit":1,"stat.craftItem.minecraft.stone_pickaxe":1,"stat.pickup.primal.flint_knapp":16,"stat.pickup.minecraft.cobblestone":124,"stat.pickup.minecraft.dye":5,"stat.mineBlock.minecraft.clay":38,"stat.pickup.minecraft.planks":91,"stat.mineBlock.totemic.totem_torch":3,"stat.useItem.minecraft.stone_shovel":74,"stat.mineBlock.natura.overworld_logs2":17,"stat.craftItem.minecraft.stone_sword":2,"stat.flyOneCm":3054,"stat.pickup.minecraft.wheat_seeds":6,"stat.mineBlock.minecraft.sand":3,"stat.pickup.primal.flint_workblade":3,"stat.pickup.minecraft.fish":8,"stat.pickup.minecraft.lead":4,"stat.mineBlock.minecraft.gravel":46,"stat.useItem.minecraft.stone_pickaxe":73,"stat.mineBlock.primal_tech.work_stump":5,"stat.useItem.minecraft.stone_sword":135,"stat.mineBlock.primal_tech.charcoal_block":1,"stat.damageDealt":1881,"stat.useItem.primal_tech.fire_sticks":29,"stat.sleepInBed":2,"stat.timeSinceDeath":179403,"stat.killEntity.Cow":1,"stat.mineBlock.minecraft.dirt":37,"stat.drop.minecraft.log":1,"stat.craftItem.horsepower.chopping_block":3,"stat.killEntity.Pig":5,"stat.craftItem.primal_tech.rock":2,"stat.pickup.minecraft.mutton":3,"stat.drop.minecraft.stick":12,"stat.craftItem.minecraft.stone_shovel":1,"stat.pickup.minecraft.double_plant":2,"stat.walkOneCm":795291,"stat.mineBlock.ferdinandsflowers.block_cff_flowers":6,"stat.mineBlock.mekanism.saltblock":35,"stat.pickup.minecraft.stick":210,"stat.pickup.minecraft.clay_ball":152,"stat.pickup.rustic.wildberries":1,"stat.useItem.minecraft.cobblestone":24,"stat.pickup.primal.leather_cordage":5,"stat.drop.minecraft.dirt":1,"stat.mineBlock.primal_tech.fibre_torch":3,"stat.pickup.mekanism.salt":128,"stat.useItem.tconstruct.rack":6,"stat.craftItem.primal.leather_strip":18,"stat.talkedToVillager":2,"stat.pickup.minecraft.log":94,"stat.useItem.minecraft.cooked_fish":6,"stat.craftItem.primal.hide_raw":13,"stat.pickup.natura.overworld_slab2":6,"stat.pickup.primal.pelt_pig":4,"stat.pickup.immcraft.chest":7,"stat.pickup.minecraft.beef":2,"stat.pickup.primal.pelt_sheep":3,"stat.craftItem.primal_tech.fire_sticks":11,"stat.mineBlock.natura.overworld_leaves2":29,"stat.craftItem.primal_tech.work_stump":2,"stat.pickup.minecraft.stone":4,"stat.killEntity.rat":1,"stat.pickup.minecraft.sapling":12,"stat.killEntity.Squid":3,"stat.sprintOneCm":5957,"stat.pickup.primal.pelt_cow":4,"stat.useItem.primal_tech.clay_kiln":2,"stat.useItem.rustic.wildberries":1,"stat.pickup.minecraft.apple":2,"stat.pickup.minecraft.cooked_beef":2,"stat.drop.primal.pelt_sheep":1,"stat.useItem.ferdinandsflowers.block_cff_flowers":1,"stat.pickup.minecraft.beetroot":5,"stat.mineBlock.rustic.wildberry_bush":2,"stat.pickup.primal_tech.rock":6,"stat.useItem.carryon.tile_item":1,"stat.mineBlock.contenttweaker.sub_block_holder_0":2,"stat.drop.primal.flint_hatchet":2,"stat.useItem.primal.flint_pickaxe":41,"stat.pickup.natura.overworld_planks":38,"stat.pickup.minecraft.stone_sword":2,"stat.mobKills":21,"stat.pickup.minecraft.saddle":1,"stat.mineBlock.minecraft.log":74,"stat.mineBlock.primal_tech.clay_kiln":3,"stat.useItem.progressiontweaks.tomahawk":1,"stat.pickup.primal_tech.work_stump":6,"stat.craftItem.primal_tech.fibre_torch":23,"stat.pickup.primal.plant_cordage":2,"stat.drop":28,"stat.pickup.ferdinandsflowers.block_cff_doublesc":2,"stat.craftItem.primal.hide_salted":13,"stat.mineBlock.minecraft.leaves":98,"stat.pickup.horsepower.chopping_block":7,"stat.pickup.primal_tech.clay_kiln":6,"stat.pickup.minecraft.beetroot_seeds":7,"stat.craftItem.primal.flint_hatchet":2,"stat.playOneMinute":179403,"stat.pickup.natura.overworld_sapling2":11,"stat.pickup.tconstruct.rack":10,"stat.killEntity.Sheep":2,"stat.pickup.minecraft.red_flower":5,"stat.sneakTime":266,"stat.pickup.ferdinandsflowers.block_cff_flowers":6,"stat.pickup.natura.overworld_seeds":21,"stat.pickup.minecraft.stone_slab":6,"stat.killEntity.rainbow_golem":1,"stat.pickup.ferdinandsflowers.block_cff_flowersd":5,"stat.mineBlock.immcraft.chest":1,"stat.pickup.ferdinandsflowers.block_cff_flowersb":2,"stat.mineBlock.minecraft.stone":85,"stat.pickup.ferdinandsflowers.block_cff_flowersc":5,"stat.mineBlock.minecraft.tallgrass":51,"stat.mineBlock.immcraft.sticks":1,"stat.diveOneCm":43027,"stat.pickup.minecraft.wheat":7,"stat.craftItem.primal.plant_cordage":34,"stat.pickup.primal_tech.fibre_torch":3}