{
  "triumph:stage0/mat": {
    "criteria": {
      "completedParent": "2018-04-26 23:05:08 +1200"
    },
    "done": false
  },
  "triumph:stage0/workblade": {
    "criteria": {
      "completedParent": "2018-04-26 21:50:27 +1200",
      "hasRock": "2018-04-26 21:57:22 +1200"
    },
    "done": true
  },
  "triumph:stage0/abyssalbiome": {
    "criteria": {
      "completedParent": "2018-04-26 21:49:40 +1200"
    },
    "done": false
  },
  "triumph:stage0/firstbreak": {
    "criteria": {
      "brokeLog16": "2018-04-26 21:46:37 +1200",
      "brokeLog38": "2018-04-26 21:46:37 +1200",
      "brokeLog17": "2018-04-26 21:46:37 +1200",
      "brokeLog39": "2018-04-26 21:46:37 +1200",
      "brokeLog18": "2018-04-26 21:46:37 +1200",
      "brokeLog19": "2018-04-26 21:46:37 +1200",
      "completedParent": "2018-04-26 21:46:26 +1200",
      "brokeLog1": "2018-04-26 21:46:37 +1200",
      "brokeLog2": "2018-04-26 21:46:37 +1200",
      "brokeLog9": "2018-04-26 21:46:37 +1200",
      "brokeLog30": "2018-04-26 21:46:37 +1200",
      "brokeLog31": "2018-04-26 21:46:37 +1200",
      "brokeLog7": "2018-04-26 21:46:37 +1200",
      "brokeLog10": "2018-04-26 21:46:37 +1200",
      "brokeLog32": "2018-04-26 21:46:37 +1200",
      "brokeLog8": "2018-04-26 21:46:37 +1200",
      "brokeLog11": "2018-04-26 21:46:37 +1200",
      "brokeLog33": "2018-04-26 21:46:37 +1200",
      "brokeLog5": "2018-04-26 21:46:37 +1200",
      "brokeLog12": "2018-04-26 21:46:37 +1200",
      "brokeLog34": "2018-04-26 21:46:37 +1200",
      "brokeLog6": "2018-04-26 21:46:37 +1200",
      "brokeLog13": "2018-04-26 21:46:37 +1200",
      "brokeLog35": "2018-04-26 21:46:37 +1200",
      "brokeLog3": "2018-04-26 21:46:37 +1200",
      "brokeLog14": "2018-04-26 21:46:37 +1200",
      "brokeLog36": "2018-04-26 21:46:37 +1200",
      "brokeLog4": "2018-04-26 21:46:37 +1200",
      "brokeLog15": "2018-04-26 21:46:37 +1200",
      "brokeLog37": "2018-04-26 21:46:37 +1200",
      "brokeLog27": "2018-04-26 21:46:37 +1200",
      "brokeLog28": "2018-04-26 21:46:37 +1200",
      "brokeLog29": "2018-04-26 21:46:37 +1200",
      "brokeLog40": "2018-04-26 21:46:37 +1200",
      "brokeLog20": "2018-04-26 21:46:37 +1200",
      "brokeLog21": "2018-04-26 21:46:37 +1200",
      "brokeLog22": "2018-04-26 21:46:37 +1200",
      "brokeLog23": "2018-04-26 21:46:37 +1200",
      "brokeLog25": "2018-04-26 21:46:37 +1200",
      "brokeLog26": "2018-04-26 21:46:37 +1200"
    },
    "done": true
  },
  "triumph:stage0/saddle": {
    "criteria": {
      "completedParent": "2018-04-26 23:52:34 +1200",
      "hasRock": "2018-04-26 23:54:22 +1200"
    },
    "done": true
  },
  "triumph:stage0/chestupgrade": {
    "criteria": {
      "completedParent": "2018-04-26 22:08:52 +1200"
    },
    "done": false
  },
  "triumph:stage0/fluidbladder": {
    "criteria": {
      "completedParent": "2018-04-26 21:49:40 +1200",
      "hasRock": "2018-04-26 22:48:30 +1200"
    },
    "done": true
  },
  "triumph:stage0/spear": {
    "criteria": {
      "completedParent": "2018-04-26 22:44:22 +1200",
      "hasRock": "2018-04-26 22:44:22 +1200"
    },
    "done": true
  },
  "triumph:stage0/totemic": {
    "criteria": {
      "completedParent": "2018-04-26 23:05:08 +1200"
    },
    "done": false
  },
  "triumph:stage0/farmland": {
    "criteria": {
      "completedParent": "2018-04-26 21:57:22 +1200",
      "traded": "2018-04-26 23:35:41 +1200"
    },
    "done": true
  },
  "triumph:stage0/woodhopper1": {
    "criteria": {
      "completedParent": "2018-04-26 22:08:52 +1200"
    },
    "done": false
  },
  "triumph:stage0/workstump": {
    "criteria": {
      "completedParent": "2018-04-26 21:48:47 +1200",
      "crafted": "2018-04-26 21:49:40 +1200"
    },
    "done": true
  },
  "triumph:stage0/lowgradecharcoal": {
    "criteria": {
      "completedParent": "2018-04-26 22:03:48 +1200",
      "hasRock": "2018-04-26 22:07:08 +1200"
    },
    "done": true
  },
  "triumph:stage0/lead": {
    "criteria": {
      "completedParent": "2018-04-26 23:05:08 +1200",
      "hasRock": "2018-04-26 23:52:34 +1200"
    },
    "done": true
  },
  "triumph:stage0/leather": {
    "criteria": {
      "completedParent": "2018-04-26 22:48:30 +1200",
      "hasRock": "2018-04-26 23:05:08 +1200"
    },
    "done": true
  },
  "triumph:stage0/firsttool": {
    "criteria": {
      "completedParent": "2018-04-26 21:37:54 +1200",
      "hasRock": "2018-04-26 21:46:26 +1200"
    },
    "done": true
  },
  "triumph:stage0/fish": {
    "criteria": {
      "killed_fish3": "2018-04-26 22:44:22 +1200",
      "killed_fish2": "2018-04-26 22:39:57 +1200",
      "killed_fish": "2018-04-26 22:44:22 +1200",
      "killed_fish4": "2018-04-26 22:44:22 +1200",
      "completedParent": "2018-04-26 22:44:22 +1200"
    },
    "done": true
  },
  "triumph:stage0/handgrind": {
    "criteria": {
      "completedParent": "2018-04-26 21:49:40 +1200",
      "hasRock": "2018-04-26 22:21:04 +1200"
    },
    "done": true
  },
  "triumph:stage0/weaponize": {
    "criteria": {
      "completedParent": "2018-04-26 21:46:26 +1200",
      "hasRock": "2018-04-26 22:44:22 +1200"
    },
    "done": true
  },
  "triumph:stage0/firepit": {
    "criteria": {
      "completedParent": "2018-04-26 21:46:26 +1200",
      "hasRock": "2018-04-26 21:55:01 +1200"
    },
    "done": true
  },
  "triumph:stage0/fiber": {
    "criteria": {
      "completedParent": "2018-04-26 21:37:54 +1200",
      "hasRock": "2018-04-26 21:39:45 +1200"
    },
    "done": true
  },
  "triumph:stage0/stonetools": {
    "criteria": {
      "completedParent": "2018-04-26 21:50:27 +1200",
      "hasRock": "2018-04-26 21:56:24 +1200"
    },
    "done": true
  },
  "triumph:stage0/flintknapp": {
    "criteria": {
      "completedParent": "2018-04-26 21:44:41 +1200",
      "hasRock": "2018-04-26 21:44:05 +1200"
    },
    "done": true
  },
  "triumph:stage0/waterstrainer": {
    "criteria": {
      "completedParent": "2018-04-26 21:49:40 +1200"
    },
    "done": false
  },
  "triumph:stage0/tipi": {
    "criteria": {
      "completedParent": "2018-04-26 23:05:08 +1200",
      "hasRock": "2018-04-26 23:32:53 +1200"
    },
    "done": true
  },
  "triumph:stage0/grill": {
    "criteria": {
      "completedParent": "2018-04-26 21:55:01 +1200",
      "hasRock": "2018-04-26 22:28:30 +1200"
    },
    "done": true
  },
  "triumph:stage0/root": {
    "criteria": {
      "killedByEntity": "2018-04-26 21:39:45 +1200",
      "enterDimension": "2018-04-26 21:39:45 +1200",
      "killEntity": "2018-04-26 21:39:45 +1200",
      "location": "2018-04-26 21:37:48 +1200",
      "breakBlock": "2018-04-26 21:39:45 +1200",
      "craftItem": "2018-04-26 21:39:45 +1200",
      "inventoryChange": "2018-04-26 21:39:45 +1200"
    },
    "done": true
  },
  "triumph:stage0/collectplank": {
    "criteria": {
      "completedParent": "2018-04-26 21:46:37 +1200",
      "crafted": "2018-04-26 21:48:47 +1200"
    },
    "done": true
  },
  "triumph:stage0/kiln": {
    "criteria": {
      "completedParent": "2018-04-26 21:49:40 +1200",
      "hasRock": "2018-04-26 22:03:48 +1200"
    },
    "done": true
  },
  "triumph:stage0/firstchest": {
    "criteria": {
      "completedParent": "2018-04-26 21:49:40 +1200",
      "hasRock": "2018-04-26 22:08:52 +1200",
      "hasRock2": "2018-04-26 22:08:52 +1200",
      "hasRock4": "2018-04-26 22:08:52 +1200",
      "hasRock3": "2018-04-26 22:08:52 +1200"
    },
    "done": true
  },
  "triumph:stage0/saltflats": {
    "criteria": {
      "completedParent": "2018-04-26 22:28:30 +1200",
      "hasRock2": "2018-04-26 22:28:30 +1200",
      "hasRock1": "2018-04-26 22:28:30 +1200",
      "hasRock5": "2018-04-26 22:00:50 +1200",
      "hasRock4": "2018-04-26 22:28:30 +1200",
      "hasRock3": "2018-04-26 22:28:30 +1200"
    },
    "done": true
  },
  "triumph:stage0/upgrade": {
    "criteria": {
      "completedParent": "2018-04-26 21:46:26 +1200",
      "hasRock": "2018-04-26 21:50:27 +1200"
    },
    "done": true
  },
  "triumph:stage0/fire": {
    "criteria": {
      "completedParent": "2018-04-26 21:46:26 +1200",
      "hasRock": "2018-04-26 21:45:01 +1200"
    },
    "done": true
  },
  "triumph:stage0/horsepower": {
    "criteria": {
      "completedParent": "2018-04-26 23:52:34 +1200"
    },
    "done": false
  },
  "triumph:stage0/tomahawk": {
    "criteria": {
      "completedParent": "2018-04-26 22:44:22 +1200",
      "hasRock": "2018-04-26 22:46:44 +1200"
    },
    "done": true
  },
  "triumph:stage0/woodenbarrel": {
    "criteria": {
      "completedParent": "2018-04-26 22:48:30 +1200"
    },
    "done": false
  },
  "triumph:stage0/wheel": {
    "criteria": {
      "completedParent": "2018-04-26 23:54:22 +1200"
    },
    "done": false
  },
  "triumph:stage0/mesh": {
    "criteria": {
      "completedParent": "2018-04-26 21:39:45 +1200",
      "hasRock": "2018-04-26 21:44:41 +1200"
    },
    "done": true
  },
  "triumph:stage0/atlas": {
    "criteria": {
      "book1": "2018-04-26 23:19:36 +1200",
      "completedParent": "2018-04-26 21:57:22 +1200"
    },
    "done": true
  }
}